Write,Read,Match
12.89,16.819000000000003,8.2872
13.718,18.753999999999998,8.6623
14.236,22.743000000000002,9.1427
18.548,31.946,12.359
26.435,48.397999999999996,17.234
