Write,Read,Match
12.89,16.819000000000003,8.2872
14.67,27.099,8.6623
15.350000000000001,35.68,9.1427
21.088,49.231,12.359
28.611,75.027,17.234
