Write,Read,Match,Hold
2313.6000000000004,173.37,9029.8,0.55714
3224.7,333.24,15526.0,0.67788
4301.900000000001,527.07,21291.0,0.8135399999999999
5374.1,771.41,24171.0,1.5715
6510.0,1135.7,26143.0,3.7738000000000005
