Write,Read,Match,Hold
2313.6000000000004,173.37,9029.8,0.55714
3268.5,266.0,15526.0,0.75769
4369.7,389.23,21291.0,0.86925
5452.4,566.4599999999999,24171.0,1.581
6592.2,818.25,26143.0,3.3359
